submitter_username,score_submission,content_submission,commenter_username,score_comment,content_comment,thread_id,url
u/anony867mous5309,1,"It‚Äôs The Little Things Like, I don‚Äôt know. I feel like a lot of small things are wearing me down, then an occasional big thing happens. It‚Äôs always like, what‚Äôs gonna be the straw that breaks this camels back, ya know? 

Will I try to die because of some weird impulse that I have? Because something big and bad happens to me or someone I know? Or will it be because of some small normal bullshit thing? 

Like, I don‚Äôt even know. 

I‚Äôve been feeling really not good lately. And I don‚Äôt know why or what to do about it. It WONT go away, it‚Äôs just been getting WORSE for years. Like if not NOW, WHEN?",u/anony867mous5309,1,"Thank you so much for replying, it‚Äôs kind of crazy how few people reply on subreddits like this ..",i50hcd,https://www.reddit.com/r/depression/comments/i50hcd/its_the_little_things/
u/anony_girl18,2,"My mom is emotionally abusive My mom doesn‚Äôt understand what having depression is .I have BPD and depression .She keeps taunting me for my mental illness and my use of medication .What she doesn‚Äôt understand is that without medication I would have a mental break down and never be able to leave my room .She keeps saying there is no time for depression that if I am depressed to go clean and all she does is criticize me and emotionally abuse me by calling me names and saying horrible things about me .Saying she can‚Äôt wait till I‚Äôm out of her hair .
I live here but I am calm and just stay in bed all day and don‚Äôt do much else other than that .She presses my buttons all day and I don‚Äôt say anything to her and then I say something after being criticized all day .I am not problematic but don‚Äôt meet her expectations so I guess that makes me a problem to her . She asks me personal things but when I tell her she uses it against me later on .I don‚Äôt know what to do .I want to move out badly but don‚Äôt have the money to do so and am not consistent with keeping jobs due to my lack of energy .I just changed my dosage so I hope this helps with energy for work .",u/anony_girl18,1,Not in my City. I am kind of used to this | Not in my city .I am kind of used to her ways,jrac46,https://www.reddit.com/r/depression/comments/jrac46/my_mom_is_emotionally_abusive/
u/anonyanonyanony13,32,"Am I wrong for feeling guilty for reporting him? This is all going to sound so stupid but, I am 17 years old and I just recently reported someone close to me for exchanging nudes and engaging in sexual activity online with a minor. 

For background information, I met him when I was around 13-14 years old he was 28 at the time. I was in a really dark place (Lonely, depressed, all of that.. I suffer from childhood neglect and have always been bullied at school, I never felt wanted or loved) and he instantly made me feel special, wanted and loved. In return for this he asked for nudes, he said it was a way to express love for each other and was ‚Äúnecessary in a relationship.‚Äù I don‚Äôt know why I sent them (keep in mind I was 13-14 at the time, I wasn‚Äôt the smartest) but I did. This became an every day thing and became more serious over time, pics were sent, messages were sent, video/voice calls were made. He built a sexual and emotional relationship with me. I was manipulated into thinking he wanted to be with me and that I was everything he wanted, so I felt as if he deserved whatever he wanted from me. 

This kept going on for almost 4 years, I don‚Äôt know how I was so blinded to believe he actually wanted me. He talked about meeting me, having a future with me, all that stuff. He did anything to make it seem like we were in an actual relationship, and I believed it all. He made me feel beautiful and was a light in my life that I so desperately needed. He was nice to me, he talked to me 24/7 and was honestly very helpful. He was there when I needed him and he made me happy. 

He‚Äôs 31 and I‚Äôm 17 now. He recently confessed that the whole time he‚Äôs had a girlfriend, never really wanted to be with me and just wanted me for the thrill of the moment. He said he did have ‚Äútrue feelings‚Äù for me and was physically and emotionally attracted to me but I was ‚Äútoo young.‚Äù 

Hearing this absolutely crushed me and was a huge newsflash to me. I look back to it and don‚Äôt even understand how I believed him. I guess I just wanted to feel wanted. Now I realize he probably just saw me as a vulnerable person and used me for years to get what he wanted. 

I reported him for what he did but I feel bad for doing so. I can‚Äôt stop crying and I feel like a horrible person for doing something that could possibly ruin his life. I don‚Äôt know if what I did was the right thing. I refuse to tell anyone I know about this because I‚Äôm too embarrassed. My parents don‚Äôt give a shit about me, my friends would just judge me for being stupid.. I have no one to vent to. 

Am I wrong for doing what I did? I‚Äôm beating myself up for it bad because I truly think I could never hate him and that maybe he didn‚Äôt deserve it.. My mind told me to report him while my heart told me to respect his life and future.. I chose to follow my mind but was that the wrong choice? 

Please don‚Äôt make fun of me :( I understand that I was stupid and blind.

‚Äî
Thanks to anyone giving me advice on my post!! ‚ù§Ô∏è I read all of them and appreciate all of them, even one‚Äôs with constructive criticism. If you‚Äôre here to hate on or belittle me, don‚Äôt waste your time. Spread love not hate :)",u/anonyanonyanony13,3,"Thank you for your reply I really appreciate it. üôÇ | I am truly thankful for ur reply. I‚Äôm glad to see I‚Äôm not alone when it comes to situations like this and that there are always good people in the darkest of times üôÇ‚ù§Ô∏è | Thanks. I appreciate it üôÇ | Thank you for understanding where I‚Äôm coming from, I appreciate your honesty üôÇ | Thank you! I‚Äôm trying my best not to feel stupid about it and understand that it‚Äôs not entirely my fault for getting myself in this mess. | Thank u. You‚Äôre 100% right, I‚Äôm glad I decided to do what I did. I just wish I had realized it sooner. | Thank u, I‚Äôm trying my best not to feel bad for what I did. No, his girlfriend doesn‚Äôt know. I was debating on telling her personally but I felt like that wasn‚Äôt my place. | Thank you for your opinion. I don‚Äôt know what I would consider real or fake in this situation, he lied about a lot of things so it could‚Äôve been just as easy to lie about his ‚Äúlove‚Äù for me entirely. I guess I‚Äôll never know what his true intentions were.. but his confession to me didn‚Äôt seem at all genuine to me. | Thank you for sharing your story and giving me advice, I‚Äôm truly truly thankful for it. I‚Äôm glad that there are people out there like you who I can relate to. :) It ensures me that I‚Äôm not as alone as I feel like I am. | Thank you for your opinion. You didn‚Äôt have to comment stuff twice though and your choice of words comes across as aggressive. If you made an account in attempts to belittle me and make me feel bad then your actions were pointless. I truly hope you find positivity in your life. | I haven‚Äôt reached out to anyone in real life yet but I‚Äôve been thinking about doing so.. Honestly it‚Äôs sort of scary for me because I‚Äôm not exactly a people person and don‚Äôt usually talk to other people about my problems, but I do think that reaching out for support will be beneficial for me. | Thank you for your opinion. I do believe that you would never be able to truly understand someone‚Äôs situation until you experience it yourself. I even said in my post that I felt stupid for doing it and have no idea how I fell for it all, but making mistakes is all about growing up. I was young and I didn‚Äôt grow up in the best environment which made me more vulnerable than the average child. And yes, it was ‚Äúgrooming‚Äù and ‚Äúmanipulation‚Äù he knew what he was doing and used my lack of love and affection to his advantage. 

You are entitled to your own opinion, but I think you seriously lack empathy. Wanting to make someone feel bad and stupid for what they did when they were younger and not in a good headspace does nothing but spread more negativity in this world. 

Does bringing down others make you feel better? If you cannot be positive then just be quiet. At least the other people that disagree with what I did gave their opinions on the question I asked. All you came to do was call me stupid and dumb which I already mentioned myself in my own post, you just came here to bring me down. Literally pointless.",f0yu3s,https://www.reddit.com/r/depression/comments/f0yu3s/am_i_wrong_for_feeling_guilty_for_reporting_him/
u/anonyanyan,33,"Im proud of myself today. Sometimes my depression gets so bad I let all the food in the house rot and I dont eat. Yesterday I made a pot roast after cleaning the fridge out and today I am excited to make breakfast. I know its not a lot, and if I give it enough time I will go back to struggling to eat and make food for myself, but for today, im proud im eating. I dont have anyone to share that with, so im confiding in you.",u/anonyanyan,1,Thank you üòä | Tank you ‚ò∫ | Waffles and mimosas on me | yess! perfect fall food,j37i0l,https://www.reddit.com/r/depression/comments/j37i0l/im_proud_of_myself_today/
u/anonyboi_,179,"Music is the only thing that keeps me sane. It‚Äôs pretty relaxing. Distracts myself from thoughts. Helps me get through shit I don‚Äôt want to. It pretty much just brings me away from reality.

What are y‚Äôall coping methods?",u/anonyboi_,11,Arts like music or dance or painting and fitness that can help really. | Do you have a library membership or something?,fsz4x6,https://www.reddit.com/r/depression/comments/fsz4x6/music_is_the_only_thing_that_keeps_me_sane/
u/anonygoosey,29,"I stay up all night so I don‚Äôt have to be awake during the day. I hate this cycle, but being awake at night is less stressful than being awake during the day. It‚Äôs currently 5am and I have no plans on going to bed, no plans for tomorrow, nothing. I don‚Äôt want to do anything. Ever.",u/anonygoosey,1,I‚Äôve actually used a light therapy light a few times and it helps! Especially when I need to study for a long time it keeps me awake and focused.. Thanks for the reply :) | How do I force myself to do this?,jpopr1,https://www.reddit.com/r/depression/comments/jpopr1/i_stay_up_all_night_so_i_dont_have_to_be_awake/
u/anonymity_11000,108,"depression makes it absolutely horrible to function. its actually pathetic how depression takes away all your energy. I can't get out of bed, it takes me an immense amount of energy to perform simple tasks like washing my face, brushing my hair, changing out of my PJs. it takes me hours to get out of the shower. I keep apologising for every little thing. I keep pushing everyone away because of my habits and personality. I can't get out and yell ""excuse me! I have severe clinical depression and PTSD, please be considerate and don't make me feel like shit for things I have no control over""in everyones face. I know people wouldn't understand.
its either having intense difficulty existing or being on my medication and sleeping all day. a constant ache sits in my chest all the time. I don't want to die. I used to want to die. I just want to feel normal. everything around me is like a TV show I haven't caught up on. everyone else seems 10 chapters ahead of me. I feel like I have all the reasons to be happy, but I just can not be happy. nothing makes me happy. all the happiness I feel lasts for just some days. and then I'm back to being me. I feel so overly conscious of myself and my body at all times. I feel ugly and unloved when in actual I know I'm neither. I can't function properly because of how aware I am of my own body. everything sucks and nobody truly seems to understand. I feel sick all the time. I feel sick while I laugh, while I talk to people. I either don't eat at all or I keep eating till I feel nauseated. my PTSD kicks in and suddenly I can't breathe. I wonder if others go through this, too? or am I just completely alone in this? sometimes i fear I've actually gone insane and that everything is my fault. Im just really exhausted. I'm tired. I have sort of perfected pretending like nothing is wrong. nobody even suspects anything anymore. thanks to whoever took the time to read it till here. just needed to vent, I guess.",u/anonymity_11000,3,"sigh. thank you. | that does feel better. I hope things work out for you, I truly do. | thank you. you're welcome, I merely described. I hope so too. and may things work out for you too | I feel you. I truly do. there IS light at the end of the tunnel even if you can't see it now. just keep walking. you'll get there. | I totally relate. may things work out for you. | i totally feel what you're going through. keep rowing the boat. don't give up. I know many say this, but don't give up. theres better things at the other side. I completely feel you when you say you don't feel like a person anymore. I struggle with that too. I hope it works out for you. | antidepressants help you but also mess you up. I got off mine but at this point I think I need to be back on them again. I understand what you're going through. you're not alone. lets not give up. | having PTSD is a big curse. I feel like it'll stick with us through life. nobody seems to understand us. I hope you're not giving up. please don't. | i hope you find a meaning in life, I feel like if maybe you kept exploring and found a purpose you could feel much better. keep trying. keep looking. maybe true love would help too. I have love around me, I think my issue is that I demand too much. any amount of love I receive isn't enough. nothing is enough for me to be happy. its not people's fault. but again, I'm an empath and idk any better. I'm still very young, but I'm an adult and I've been depressed since I was 8. it snowballed into this big thing. PTSD + depression is a monster. | exactly. every moment seems like a punishment when I'm around people. nobody seems to understand and honestly we tend to forgive them for it. sigh. wish things work out for you | I totally understand you. I relate and feel you. people suggest things like these all the time hoping it would cURe us, but we know these things will only exhaust us more. wow, love how you said ""I feel too absorbed in my pain to care"", it truly explains what I feel. I hope things work out for you, I really do. thank you for sharing your struggles here, don't apologise. thank you for the hugs, hugs backkk. you, too. i was on antidepressants and left them, but now I feel an urge to go back to them. hope that works out. if you ever want to talk I'm here. | man. i hope things work out for you. i feel every word that you just said. please take care of yourself. | fluoxetine",igzree,https://www.reddit.com/r/depression/comments/igzree/depression_makes_it_absolutely_horrible_to/
u/anonymous-account12,6,"To all who have been diagnosed with depression (or just know they suffer from it), does it feel like it makes you heartless? Or careless? So as my title asks, does having depression or depressive symptoms make one feel heartless? Does it make it difficult to feel empathy (or sympathy) or just any emotion for others, particularly those that are close to you? 

While I‚Äôve never been diagnosed, I highly suspect I have been suffering with depression for over a decade, but it‚Äôs shown up stronger than ever in the past 3-4 years. 

Hear me out. I don‚Äôt recognize who I am anymore. I used to be ambitious, motivated, and love activities such as reading. Now I can‚Äôt pick up a book to save my life. I used to be friendly and curious. Now I isolate myself from everyone and have gone from a handful of friends to one or two. I distance myself from family, lash out at everyone, hate my job, lack the ambition to seek out better for myself, am angry all the time, and lie to myself that I‚Äôm fine. I sometimes don‚Äôt shower or eat healthy options -think junk food or fast food- don‚Äôt take care of myself. Sleep for longer than my body needs. Keep to myself completely. Avoid certain friends or family calls/texts. Etc 

 Anyway, back to my original question, does depression make you a heartless person? I ask cus‚ÄîI wish I were making this up‚Äî in the past few months, I‚Äôve had two family members be diagnosed with cancer, one aunt pass away, my bf‚Äôs grandmother pass away from a stroke, and guess what? I feel nothing. I am not a horrible person. But I don‚Äôt seem to feel...Past me would feel their pain. Would cry with them/for my family or feel anxious or sad that this is happening. Now... I just go on with my life. 

Sorry for the long rant. I needed to vent, and obviously this is an anonymous account for personal reasons. 

So what do you all think?",u/anonymous-account12,2,"Hi, thank you for replying. Your response gave me a little bit of perspective about projection, but also made me a bit sad. (don‚Äôt take the pills..). I started thinking last night about the ways i project how I‚Äôm feeling or how I see myself and I know I need to stop lashing out and being hard on myself. It‚Äôs just so hard sometimes. | I fake it. I force myself to appear sympathetic when I know the situation calls for it (ie when my bf grandma passed away). I think the only time ‚Äîwhen I‚Äôm in my depressive mood‚ÄîI actually feel is when I see someone crying. Thankfully my bf knows about my depression, but doesn‚Äôt understand my lack of empathy. | Relatable. Like you‚Äôre a ‚Äúshell of your former self‚Äù? What sucks, for me at least, is when all those emotions which apparently I‚Äôve suppressed or just not felt, come rushing over me.",k7kv9f,https://www.reddit.com/r/depression/comments/k7kv9f/to_all_who_have_been_diagnosed_with_depression_or/
u/anonymous11111555557,1,It hurts so fucking bad that I exist and other people can see me I don‚Äôt know how to explain it. Being a tangible thing is painful. Knowing that people have have seen me and will continue to see me or know that I exist hurts for some reason. I don‚Äôt know why but it feels wrong. I can‚Äôt even kill myself because I hate the fact that I existed at one point.,u/anonymous11111555557,1,"I honestly don‚Äôt know. Maybe because I‚Äôm awkward? I think about every interaction I‚Äôve had and all the people I‚Äôve met and I can count on one hand positive ones. 

But that‚Äôs not even what pops into my head when this bothers me. I just looked into a mirror and started a panic attack because I saw myself and I remembered that I exist. | I appreciate the kind words. I‚Äôm not much of an artist but I think I will try writing about how I feel. I wish I could have the same perspective on life as you do. | I wish I could. I don‚Äôt know how to improve. | 20 | life went wrong

it feels like every step I go forward I go three steps back

I don‚Äôt know how to interact with people | like

I don‚Äôt know how to act normally. I make everyone uncomfortable and I‚Äôm super awkward. It‚Äôs like everyone got a handbook on how to communicate and I just got skipped over.",hwxpcs,https://www.reddit.com/r/depression/comments/hwxpcs/it_hurts_so_fucking_bad_that_i_exist_and_other/
u/anonymous19261,3,"Only escape is anime I find myself rewatching anime ive seen multiple times before, only way to keep myself from fantasizing about death. To explain, I only get excited when thinking about isekai type situations or dying in general. And other than that I just make excuses why I want to, such as ""its going to happen anyways"" or ""why not"". I know I'm never going to fall in love, never going to trust, never going to find friends, I just feel like a husk. Video games do not even seem interesting anymore, it seems like all I do it feel sorry for myself, and every night I wish to just stop existing so I do not have to feel anymore. I know anyone could give me some encouraging words but its not going to help, ive done this before and it always comes back. I vent and vent but I just cant anymore, nothing works, I even tried opening up but that did absolutely nothing. When thinking about losing everyone in my life, I feel nothing, they say you do not know the value of something until its gone. But I'm sure that if I lost everything I wouldn't feel a thing, before I mentioned how I do not want to feel anymore, I meant feel like giving up or stopping.",u/anonymous19261,1,"Between three atm.
My hero academia, black clover and hunter x hunter (2011)",ika7vw,https://www.reddit.com/r/depression/comments/ika7vw/only_escape_is_anime/
u/anonymous1962,15,"I was bullied for being a weird child and as a result i‚Äôm a boring adult As a toddler i had very few friends, i refused to make friends actually 

Then as a school child I guess i didn‚Äôt really know what normal behaviour was, and i had a vivid imagination. So i was just very ‚Äúweird‚Äù. think the uncool kid that no one wants to be friends with. I would often be on my own and when i tried to interact with other kids they were typically unreceptive. I was bullied relentlessly by a few kids, for being weird, fat and ugly specifically. I genuinely believe that my experience with bullying and social issues is the biggest cause of my depression (besides genetics).

Well now i‚Äôm a shy university student and suddenly everyone wants to be quirky. And if you‚Äôre not, you‚Äôre boring and no one wants to know you. I find it difficult to relax, make good conversation, and make meaningful friendships. I always get the impression that people find me painfully dull and well, depressing. 

I guess ultimately i‚Äôm bitter that my experience with bullying made me hate myself for being a little different until eventually i had nothing left of me at all",u/anonymous1962,1,"thank you that means a lot ! | haha that absolutely is a method i have used before. Pretty sure the main way i made friends in my first year at uni was drink and drugs. It definitely helps, but less so as i get older it seems. thank you for your advice :)",g4vfgl,https://www.reddit.com/r/depression/comments/g4vfgl/i_was_bullied_for_being_a_weird_child_and_as_a/
u/anonymous293747292,1,"I feel stuck I‚Äôve been having the worst time for the past year or so and i don‚Äôt know what to do anymore. I‚Äôve lived in the same small town since I was born and it‚Äôs making me feel like I‚Äôll never get out. Im currently in my first year of college and got so unmotivated my first semester that I just stopped going to my classes, I literally sat at home and cried 4/5 times of the school week. This semester I was supposed to get my shit together and try but the first few weeks I fell back into my old habits and now I‚Äôm back to not attending. The thing is I like college and what I‚Äôm learning I‚Äôm just so fucking drained and unmotivated to actually learn anything. I also have a part time job in fast food that I‚Äôve been working for a year. I absolutely fucking hate it with a passion and want to quit but I need to money. It‚Äôs so draining and makes my acne 10x worse because I‚Äôm so stressed. Im so stressed that I can‚Äôt sleep, I look like a walking zombie and I‚Äôm also really skinny so I just look like I‚Äôm dying. I also have very little friends because I cut out all my toxic ones from high school and some I‚Äôve drifted from and since I don‚Äôt really go to school or attend any social events or college parties I have few new friends. I have bad social anxiety so it‚Äôs hard for me to actually get out there and make some friends. I‚Äôm constantly either crying, or stressed out, or trying to be happy in front of people when I‚Äôm actually so tired and unhappy. 

Idk what to do anymore I feel like I‚Äôm sort of in a trance and can‚Äôt make a decision on what to do to make me happy and change my life. How can I completely change my whole life around, I‚Äôm talking friends, school, work, and just life in general, pls help me out I‚Äôm really struggling lol",u/anonymous293747292,1,"I‚Äôm just so depressed and unhappy and nothing seems to be getting any better even though I‚Äôve tried to change things. I guess I‚Äôm not trying hard enough? Idk haha, thank you though! I appreciate it so much :)",fgsgq8,https://www.reddit.com/r/depression/comments/fgsgq8/i_feel_stuck/
u/anonymous342659,0,PLEASE READ ME. I did terrible things when I was a teenager and I can‚Äôt forgive my self and I can‚Äôt keep on like this. I have to come clean ,u/anonymous342659,2,"Because I pushed them as far as they would let me. Then I continued to try and persuade them further than what they were comfortable with. It wasn‚Äôt right. I didn‚Äôt realize it but I should have, I was blind. For example with the first girl, what if it was her first encounter like that? I don‚Äôt know how that would affect someone in the long run | I really want to. Would it be weird if I made a blank Facebook to find them? I don‚Äôt want a profile but I‚Äôm not sure how else I would find them. Thank you reaching out to me. This is so helpful",f18myu,https://www.reddit.com/r/depression/comments/f18myu/please_read_me_i_did_terrible_things_when_i_was_a/
u/anonymous45-,3,Feeling like I ain‚Äôt worth it anymore My boyfriend says he wants to marry me but when someone asks him and us and the future and would say nah that‚Äôs not happening. He asks me to stay on the phone till he falls asleep. He wants me to call him when he wakes up. He wants me to be there at the times he want but when I ask him for stuff he asks me. He says he‚Äôs busy. I feel trapped and controlled on many levels but I don‚Äôt do anything about it... why? He means the world to me and I know he feels the same. But why he has to make me look stupid if people ask about our future and why is he so controlling when he wasn‚Äôt before?,u/anonymous45-,1,I‚Äôve told him how I felt about it and he kinda brushes it off. So like he can bring it up one day and it seems sweet but then he makes it as a joke he‚Äôll say I‚Äôm just playing around. We‚Äôve been together for almost 3yrs. I‚Äôve told him I just want acknowledge of it might happen one day.,g76az3,https://www.reddit.com/r/depression/comments/g76az3/feeling_like_i_aint_worth_it_anymore/
u/anonymous8283828,3,"My gf has these moments where she hates life and society. She feels really depressed and say she doesn't wanna live anymore and she can't find joy in anything. And if she starts to fill better at all she can find something negative in anything and goes right back to depressed and hopeless One of her issues is with society. She says she hates it so much and hates humans. What do people that feel like that do? I know some try to live a less wasteful life and she said she wants to try that but it is harder when you don't have a home all your own. It is very expensive where we live so we live with her parents. I'm just looking for any advice because I try to help her as much as I can but I can only do so much. Sometimes I can bring her back to normal but it doesn't always work. I'm worried she will hurt herself or worse. I want her to be happy and I want her to be able to live life for herself. She has a therapist and a psychiatrist but that can only do so much. She is also on a generic version of Lexapro, it seemed to make things better after a few weeks but now many months have gone by and it doesn't seem to do what it used to. Or it could just be seasonal depression adding to it which makes the medication seem to not work as much. Obviously depression isn't easy to fix and I know that. I've been with her for 6 years now and I do my best to help and be understanding but I just wish I could do more. It sucks seeing someone like that",u/anonymous8283828,1,"Feel better* 

Sorry I made this post right after she had a really bad break so I might've made a few spelling and grammar errors | She is gonna talk to her therapist and psychiatrist hopefully next week but sometimes she doesn't tell them everything because by the time she talks to them she feels better and I always try to get her to tell them everything but she doesn't always. I think she may need different medication but obviously I have no idea so I'm trying to see if she'll tell them. I'm letting her nap right now because she calmed down enough to sleep. But I'm trying to do research while she naps. Of course I won't be pushy though I try to be as supportive as possible because I know she has gone through a lot. Maybe I can convince her to post on this subreddit to talk to people but she might not want to do that | Yeah I guess she will just need to be willing to try different medications. And thank you! Will definitely keep that in mind",kc45c0,https://www.reddit.com/r/depression/comments/kc45c0/my_gf_has_these_moments_where_she_hates_life_and/
u/anonymous9815,5,"Depression I lost a girl due to covid and she was kind of close to my heart wasn't able to say her anything that I regret but after now since she's gone I don't feel like living ,never met such a beautiful soul in my life but now since she's gone I am depressed and feeling lonely among the crowd what should I do guys?‚ù§Ô∏è",u/anonymous9815,2,Should I keep her photos and sketches and chats?? | Should I keep her photos and chats and sketches??? | Thanks for ur reply bro I am going through tough times this corona shit f*cked everything!üò≠ | Thanks buddy!‚ù§Ô∏è | Yeah sure buddy!‚ù§Ô∏è,j9dcwh,https://www.reddit.com/r/depression/comments/j9dcwh/depression/
u/anonymous_roll,7,"I (17F) have, today, for the first time in a while, planned my suicide in my head. I was in philosophy class, per usual
My professor was insulting us, telling us how we do not understand anything, per usual
No one gave a fuck, per usual
And I was lost in my thoughts, per usual.

You know, that huge feeling, that oppresses your chest and makes you wanna explode, ripe your hearth out so you don't feel anything anymore ?
Well, that.

Just fought with my boyfriend, my ""group of friends"" in my classroom do not give a fuck about me and I think that's because they don't really like my bf ? In any ways, they are amazingly rude and it is just so hurting.

I felt so intensly overwhelmed. And when I'm overwhelming... I feel suicidal.

I just laid on my desk, head in my arms, and it just flashed in my head.
Fuck, it would have felt so good to actually be dying. Like, I don't know, taking a lot of meds, or just laying in the bathtub and cutting my wrists open, slowly passing out in the warm water, the music I like in the background.
That just sounds like such a relief.

I hate myself, and just my life lately.

And I hate myself even more because I don't really have any reason to be sad. I'm just a fucking unhappy brat.
And when I think about all the pain my family and my boyfriend would feel if I did that, I just hate myself even more for being so selfish.

I'm just so lost. Life just doesn't feel like it is actually worth living.
I can't understand the point...
Am I just born with no willing to live ?

I'm under so much pain.",u/anonymous_roll,1,"That is actually very sweet, thank you.

Yeah, I agree with that, fuck philosophy ahah
The list for the school counselor is soooo long... That's not really useful.

I should see a therapist soon, my mom should take an appointment but I'm so so so nervous about it. I don't know what to do or say.

And, thank you :)",erk89g,https://www.reddit.com/r/depression/comments/erk89g/i_17f_have_today_for_the_first_time_in_a_while/
u/anonymousconfessing,1,"In the last 2 weeks, I just had the realisation that i had been sexually exposed at a very young age   So in the last 3 months i have been self caring and getting much better and motivated after being completely detached from reality and not having any emotional feelings and just having meltdowns/mental breakdowns.
  But since i had been exploring myself i just realised that i had been sexually exposed at an extremely young age, which i dont even remember when it started but the only thing i could even scrape up from my memories is that it was; before 1st grade, opened me up to porn somehow ( when i learned reading and writing but i still have zero idea as to how i learned how to search this porn in english because my main language isn't english ).
  And knowing that when i was young and had so many little fragments of being sexually aroused and the only piece of memory i also remember was that the culprit of this was my cousin.
  I have no idea as to how i managed to hide this from my mother or as to why she didn't react if she discovered this.
  I am right now 14 and a male, i made this account because the previous one has my only friends following it. I have been in states which i was so exhausted from these emotions that maybe suicide was an option but i managed to climb out of that, at least to the point where i dont consider it but this has just been the last thing to push me into making this account and then saying this out loud. 
  I have tried seeking help but the financial situation in my family isn't open to this because of my financial irresponsible parents.",u/anonymousconfessing,1,I have no memory of physical abuse at least so probably no but these experiences introduced me into sexuality way too early (btw i am gay). But my sexuality wasnt affected by this probably,g8gsb8,https://www.reddit.com/r/depression/comments/g8gsb8/in_the_last_2_weeks_i_just_had_the_realisation/
u/anonymousdallasfan,8,"I feel empty inside and I can feel myself becoming dependent on alcohol Some context. 
I am 21, I am a successful student and I have friends and family that care about me. I have a girlfriend that is considered to be attractive and I myself am a tall not terrible looking guy who is in decent shape. I am about to graduate college with a degree in aerospace sciences. I have been dating my girlfriend for nearly 4 years, and she is convinced we will marry. You would think that I would feel content. 

How it appears on the outside and how it actually feels inside are completely different. I feel completely dissatisfied with my romantic relationship. I am easily irritated, have outbursts, and everyone in my life thinks I have anger issues. I constantly feel like everybody hates me. I don‚Äôt feel like I am liked. I have confidence issues even though I am constantly reminded that I shouldn‚Äôt. I look in the mirror and I hate who looks at me. I have no idea who I am, and I feel like I‚Äôm having some sort of quarter life crisis. 

There could be a number of things behind these negative feelings. It could be me being nervous for going into the real job market, which is obviously stressful right now. It could be that I‚Äôm with the wrong person romantically (This is what I personally think could be behind it all). It could be that I have too many people depending on me for time, as I have a couple friend groups, a girlfriend, family and on top of all that I work 40hrs a week and have schoolwork when it is in session. I really don‚Äôt know which of these it could be. 

Now the worst part. I have started to turn to alcohol as a solution. I didn‚Äôt think I was until on Saturday evening. I was feeling down as usual and my friend invited me over to have a drink with him and a couple of friends. I was blackout drunk on Friday as well, so I was going to take the night off, but as soon as I got there and had a couple drinks I instantly felt better. I felt like I used to. In that moment I realized that I may be going down a terrible path. I didn‚Äôt even realize it, but now looking back to quarantine I think I have developed a problem. 

I need advice. Do I need a change of scenery? Should I shake up all my relationships with others? I have goals and I work hard towards them but it feels empty. I am sorry for typing such a book, I just don‚Äôt know what else to do. 

TL,DR: I feel empty inside, I am irritable and angry. I don‚Äôt recognize who looks back at me in the mirror. I realized this past weekend I have grown dependent on alcoholism. What can I do?",u/anonymousdallasfan,2,"I get all that. I just wish my coping mechanism wasn‚Äôt something that has already killed so many around me. I guess everyone has something, haha. Good luck with your struggles, I hope we can both figure it out sooner or later.",khw63n,https://www.reddit.com/r/depression/comments/khw63n/i_feel_empty_inside_and_i_can_feel_myself/
u/anonymousgemm,3,"I‚Äôm scared of what might happen next.. I‚Äôve always struggled with depression ever since i was in elementary school and i just feel like it‚Äôs gotten worse and worse each year it‚Äôs been 11 years now and i just feel like i‚Äôm at my lowest. I am 8 weeks pregnant and at first i was happy me and my bd were happy also cause we‚Äôve been trying for over a year. and it happened. i thought he‚Äôd treat me better and be more careful with me since the first trimester is the most important. currently he kicked me out because of some stupid reason. i told him that i did something private and he got mad because i told him. if i didn‚Äôt tell him what i did then he‚Äôd be ok but since i told him he got mad. he broke up with me because of that and also bc i kept interrupting him yesterday. i work later and i have no place to go, no family and i‚Äôm sitting on the curbside with a packed back and a backpack ready to just end it. i feel so sad bc i have this baby i wanna take care of but i just don‚Äôt feel like taking care of myself anymore. he‚Äôs put his hands on me before and he did again this time. i don‚Äôt wanna get police involved either. i just don‚Äôt know what else to do or where to go.. hotels are expensive and i‚Äôd need a place to stay for at least a month to get back on my feet.",u/anonymousgemm,3,"i work, but i don‚Äôt really get along with anybody from my work place. i just never clicked with them and old friendships, they ended bad because of my bd right now.. i don‚Äôt have any type of contact with them either.. i wouldn‚Äôt know how to go about that | you‚Äôre right, and honestly it‚Äôs just hard cause this was a really long relationship that i‚Äôve had with him. it was super on and off. i‚Äôm just scared that i‚Äôm gonna be dumb enough to go back. i always say i‚Äôm not but it‚Äôs never true for me anymore. i just feel like the only way to truly not go back is if everything just ends.. | yeah i get it. worst part of all is we both work at the same place! | but thank you. i hope everything gets better for me from now on",fszwyp,https://www.reddit.com/r/depression/comments/fszwyp/im_scared_of_what_might_happen_next/
u/anonymousguy64,1,"I‚Äôm going to get blacked out drunk Just by myself... Then I‚Äôm going to slit my wrists as hard as I can. I‚Äôm going to sit there and play music... If I can remember to do this then that‚Äôs the plan tomorrow... I can‚Äôt sit in pain so I‚Äôll try to numb it as much as possible. I‚Äôm a dead man walking right now... I tried to cut my wrists today but I got stopped, and I hope no one is there to save me this time",u/anonymousguy64,1,"I HATE it here... I hate myself and I hate life... I wish I never existed because now I got to go over the trouble of killing myself.... when I cut my wrist today it felt good, but the numb in my hand wasn‚Äôt good enough... anyways This is my plan tomorrow and hopefully no one interferes",g4m2rl,https://www.reddit.com/r/depression/comments/g4m2rl/im_going_to_get_blacked_out_drunk/
u/anonymouslifetildend,5,"Only Reason I‚Äôm still alive I at times wish I was dead since I have nothing to my name, the only reason I have done no harm to myself is so my mother could not live with the burden that her only son killed himself, I don‚Äôt want her to be sad but I cannot continue repeating the same daily routine of going to school, going to work, going to bed and same routine Monday - Friday , I would go to the gym to clear my thoughts as it worked out at first but lately it hasn‚Äôt not been working and I don‚Äôt know what to do, I would go out with friends but everyone has started to move different in a negative view and it‚Äôs led me to isolation as even when before they started to go their own ways I was always the ‚ÄúBackground Friend‚Äù and was always talked over or when it was my turn to speak no one would listen and ignore what I would say

I cannot continue living like this even if it‚Äôs to please my mom",u/anonymouslifetildend,1,I feel you on that one but I know it‚Äôs just going to hurt her even more,f7yx0q,https://www.reddit.com/r/depression/comments/f7yx0q/only_reason_im_still_alive/
u/anonymouslyfishtank,3,"Hi :) Hello! I've always had problems with my older sister. She always makes me feel like a bad person and it's my fault that arguments start when I simply address a small problem. For instance, today, well for many days, she always weridly touches me for giggles blah blah (not inappropriately it's like playfight) and I told her various different times to stop but she never did so today I was a bit aggressive and she had a full-on argument and stepped on my laptop and threw water and aimed her metal bottle at me so I got scared and I am very sensitive to noise so when she dropped the bottle I just felt terrible and she made me feel like the most selfish person on Earth. I always have to speak loudly in a argument for her to hear me but she doesn't even hear me. I do admit I did have a stuffed animal in my hand that I aggressively slammed on the bed to pent my anger but her bottle thing was more aggressive. I just feel like I am morphing into this soulless, selfish person that she sees me as. I miss myself, the me when I am at school making everyone laugh and being funny.Also I stopped cutting a while ago but recently I started cutting again (not too much don't worry) I don't even care anymore, so I am sorry I posted this vent. No one has to read or reply. Sorry if this post is incoherent.",u/anonymouslyfishtank,1,Thank you dude :( . Hope everything is okay for you as well!,g7gh85,https://www.reddit.com/r/depression/comments/g7gh85/hi/
u/anonymousturtlebro,6,"Has anyone else experienced being ghosted after disclosing your mental health? I am venting tonight.

I got ghosted by really close friends during my twenties after disclosing my mental health issues (depression, bulimia, anxiety). I recently got ghosted again. The part that hurts the most was that I wasn't even asking her for emotional support. It was more of a ""hey, I want to come clean and let you know that my depression worsened last year to the point where I didn't want to exist anymore. So I sought help, got diagnosed with depression and anxiety, got on meds, and I'm doing better now. I just wanted to tell you because I want to stop hiding.""

No, it wasn't an inappropriate time. We've been friends for 6 years. It was during a deep conversation 3 weeks ago. She has since ignored several texts I've sent her.


As much as it hurts--I WANT TO STOP HIDING MY DEPRESSION. If my friends can't accept what I'm struggling with...are they even my friends? I just want to stop pretending to be fine.


I told another friend tonight. His response:

* you're only depressed because you don't love yourself
* I think you're fixating too much on your depression 
* well, your friends aren't leaving you because you told them about your mental health. It's clearly something else and until you figure it out, you're going to be friendless
* maybe you should try working on yourself


I feel hurt, sad, and frustrated. &lt;/vent&gt;",u/anonymousturtlebro,1,"Thanks for the kind words. It's refreshing to get an empathetic response. Sorry to hear about your friend too. It's heartbreaking when you reach out for help and they decide it's in their best interest to leave... but wow, you have a very good way of interpreting it.

And thank you. I was honestly feeling at fault for disclosing my depression. It really helps. | Thank you. I know you're right. It's so hard to move forward sometimes. I really did my best to be there for my friend. Birthday, care packages, 3 AM calls, etc. And I don't mean it in a way of ""I did all these nice things therefore I deserve it back!"" But humans are social animals with needs for connection... I don't think it's ridiculous to want acceptance and emotional support from friends.

But seriously. Some people really don't understand. I'm sorry you had to sit through that.

And thanks for taking the time out to hear me out. I really appreciate it. A lot.",fmcuf8,https://www.reddit.com/r/depression/comments/fmcuf8/has_anyone_else_experienced_being_ghosted_after/
u/anonymus_12,1,"I hate trying I hate trying any more. Trying got me no where. My mom has made me promise to never hurt myself again, but I can't help it.. I love seeing and feeling the blood. I love the feeling of the blade against my skin. I know, this is weird. I've been dealing with self harm for years now, and I can't stop..  The shocking thing about this.. I'm 12. Please don't say ""you're not even an adult!"" ""Wait until college or high school!"" Or any of that shit. I am diagnosed with severe depression. So please, don't. 

The other night I almost killed myself. My mom woke up I ran to her crying, and gave her a hug. I told her I was feeling depressed and empty, but all she said was, ""well no wonder. You have me as a mother!"" I tried to explain that wasn't the case but then I just got told, ""You have the perfect life! You have no place to be sad!""

Yeah, because the perfect life is me having stupid fucking kids telling me to kill myself every night. Having the perfect life is having a missing brother. Having the perfect life is having to take pills to be alright. Having the perfect life, is struggling with a self harm addiction. 
Having the perfect life, is having a friend who claims she's gonna kill herself a day before her birthday (which will be tomorrow) 

Why does it have to be this way? Truthfully, no one would care if I'm gone. My family wouldn't, they're extremely Christian and I'm a lesbian. They aren't accepting. My mom wouldn't, she has 3 other kids. My friends wouldn't, they all have better friends anyways. My school wouldn't, I'm failing my classes anyway. I don't even have plans to make it to 13.

So maybe I will pull the trigger, hang the rope, jump off. 
Maybe I will.",u/anonymus_12,1,"Thank you, I really needed that. I wish you the best, mate. | Thank you so much-  I really needed to hear this. I really wish you the best, thank you. xx | I have tried multiple times to tell her how I feel and she always says stuff like ""oh it's because I'm such a bad mom. Idk why you don't just go live with your dad."" and I really don't want to hear that anymore ;/.   I do try coping in more healthier ways, but that does not work for me. Nothing works for me. | Maybe failing this year was not a great way to start that mission off",gkr106,https://www.reddit.com/r/depression/comments/gkr106/i_hate_trying/
u/anosognosia93,3,"So tired of taking medication I've been taking medication on and off for 5 years and have been depressed for much longer. I am so tired of it. Quit my medications again less than a week ago without doctor supervision like a dummy and I can tell that I need them but it's just so annoying swallowing pills everyday of my life üôÉ I've tried therapy multiple times and it helps but I still cant seem to function properly without meds.

Thank you for listening to my rant.",u/anosognosia93,1,I probably would complain ngl seeing as I also complain about taking my chronic (physical) illness medication as well üôÉ,gw9pdw,https://www.reddit.com/r/depression/comments/gw9pdw/so_tired_of_taking_medication/
u/anoterAnon1337,2,"Experience on cogntitive remediation therapy? Does anyone here have any experience with ""CRT"" - cognitive remediation therapy?

What was it like? Did it help with cognitive impairments?",u/anoterAnon1337,2,"Thank you for answering. And I'm really happy that it worked for you. Gives me some goddamn hope.

However that's not really what I was asking about. 

[https://en.wikipedia.org/wiki/Cognitive\_remediation\_therapy](https://en.wikipedia.org/wiki/Cognitive_remediation_therapy)

""**Cognitive remediation** is designed to improve [neurocognitive](https://en.wikipedia.org/wiki/Neurocognitive) abilities such as [attention](https://en.wikipedia.org/wiki/Attention), [working memory](https://en.wikipedia.org/wiki/Working_memory), [cognitive flexibility](https://en.wikipedia.org/wiki/Cognitive_flexibility) and [planning](https://en.wikipedia.org/wiki/Planning_(cognitive)), and [executive functioning](https://en.wikipedia.org/wiki/Executive_functioning) which leads to improved [psychosocial](https://en.wikipedia.org/wiki/Psychosocial) functioning.""

I don't know for sure if ,all or any ,CBT practitioners apply CRT in their methods, but generally speaking that's not what I meant.

That being the case, can I ask you about CBT? Did CBT work that well for you? How about cognitive impairments like focusing and memory? Did you have a problem with them, did they get better? How long did it last? How many times per week?",jpfxiy,https://www.reddit.com/r/depression/comments/jpfxiy/experience_on_cogntitive_remediation_therapy/
u/anotheronebites2,7,"Fucking great Broke my headphones. My pc stopped working and i broke my bed.  Just great

Add in that I'm waiting for my other obe to be repaired. But the shop didn't even open",u/anotheronebites2,2,You can't believe in me because all I get us pure disappointment | Just diy that  shit.,etbdu9,https://www.reddit.com/r/depression/comments/etbdu9/fucking_great/
u/anotherthrowagain,2,"Does it ever get better? Sorry for cliche title, but it‚Äôs genuinely how I feel right now. I was diagnosed with clinical depression two years ago. This was likely something I had been struggling with since I was 7‚Äîhaving gone to therapy at that age for similar symptoms. I was only put on the watchdog list after my failed suicide attempt was caught and sent to the emergency room. I was so mad at the time, I remember I would just wake up and immediately start bawling my eyes out and beg people to leave me alone. In actuality, I was glad that I was caught. I‚Äôm a coward, and I felt like shit to even consider talking about my issues with other people. So now I could put the blame on someone else and finally get the help I knew I needed.

Went to counseling, group therapy with other people with similar experiences, family therapy where for the first time I spilled my guts about how I actually felt. And when all was said and done I had a prescription of anti-depressants to call my own. I was going to get my life on track.

Maybe it was just some placebo effect or something, but I genuinely felt like something had changed the first several months. I was talking to people more, I was active, I was motivated and looking forward to the future. That faded away and I started slipping back into my old habits, which was immediately noticed by everyone. A stronger dosage of the anti-depressants was given to me, but I noticed no difference.

Back to counseling I went, and I started it again. I was lying to my counselor about how I felt, that things were okay now. They believed it, my family believed it, and I probably believed it for a while too. 

It‚Äôs been several months of that. I barely talk to my family anymore, I barely get any work done, and they‚Äôve caught on. Before, I had the excuse that I was depressed. Now I‚Äôm on anti depressants, and they probably just think I‚Äôm lazy. Maybe I am, and I‚Äôm just using depression as an excuse.

This quarantine‚Äôs probably brought the worst out of everyone. I‚Äôm alone for most of the day; and most of it I‚Äôm staring at a wall and doing nothing, I get more and more behind on work, I drift farther apart from family and friends, and my first thought is ‚Äúoh it‚Äôs alright, you‚Äôll be dead in a year anyways.‚Äù It‚Äôs so fucking difficult, I have all the stuff available to kill myself and I could just do it right now and no one could stop me or even suspect me of thinking about it. 

I‚Äôm sorry for this self-indulgent bitchy rant. I don‚Äôt know what to do. It feels like I‚Äôve been given all the materials to get myself out of this, but I‚Äôve just thrown it all away and I‚Äôm back to nothing. It feels like I‚Äôm going to just be like this for the rest of my life, and everything‚Äôs already going downhill right now because I can‚Äôt be half-assed to make an effort to do anything. I‚Äôm just squandering my life away, and I know what I have to do but I just won‚Äôt. 

This is probably common when it comes to depression, just feeling like this for years. I don‚Äôt even know if I‚Äôm still depressed, could just be me acting like a dumbass right now. How are you supposed to deal with it? Do things ever improve, or am I just going to be stuck like until I‚Äôm dead?",u/anotherthrowagain,2,"I‚Äôve never heard of it prior to this comment, so I did some quick reading on it. ‚ÄúAlternative‚Äù methods are something I‚Äôve thought about, but probably chickened out of before doing some proper looking on them. I‚Äôm not entirely sure of my insurance status, but this is something I can look into instead of just giving up. Thank you. | I think that‚Äôs what I was thinking of when I got anti-depressants, that they‚Äôd just make me feel better without any input from me. Guess there lies the problem, I don‚Äôt have the motivation to even improve myself. I feel like even knowing this doesn‚Äôt give me a drive to start, and I‚Äôm just relying on a wake up call to reality or something. Thank you for your response and input. | I understand, but I don‚Äôt know. I just feel like I‚Äôm holding myself back and this all could‚Äôve been so easily preventable if I wasn‚Äôt so prideful. Hell, I know that I should probably just go back to the psychiatrist, but for some reason I just keep lying to them about all this for the same reasons. My family already thinks that I‚Äôm better now, and I just feel like I‚Äôm being a complete waste of time to them even though I shouldn‚Äôt be. | It definitely is. I‚Äôll think about it, I just have to get over confrontation to begin with. Thank you for all your responses, I really appreciate them and they‚Äôve given me a lot to think about.",gc14uc,https://www.reddit.com/r/depression/comments/gc14uc/does_it_ever_get_better/
u/anothrrthrowawayy,1,"I was doing so well... I‚Äôve been in such a good, optimistic mood since the new year. By Christmas I‚Äôd hit my goal weight, I got my teeth all fixed up, have been in recovery from my ED the longest I ever have since it started at 13 (24 now), my boyfriend finally got a stable salaried job again after quitting his last one in July so now we can be financially stable and get back on track with our goals, and I *finally* found an affordable way to seek mental health treatment after over a year of trying but everywhere being too expensive (K Health app, amazing). I‚Äôm also going back to school this year to pursue a new career path because it‚Äôs a short program and I can afford it through possible grants, so I was feeling really good about life and the future.

But this morning, even though it started off great, one stupid, small, insignificant thing happened that sent me into a spiral. I responded to a casual conversation post someone made saying how something insignificant made them realize how good life is lately, and I was like damn, life‚Äôs been good for me, too! Then some stupid troll messaged me and just totally made me feel like shit about it. I know you gotta let idiots like that roll off your back, but god damn that was a sucker punch to my mood. I even felt pretty today and tried taking some selfies, but got sick of looking at my face really fast and now my dysmorphia is in full gear, and I‚Äôm fighting like hell to not spiral anymore because I‚Äôve really enjoyed feeling good. 


I can‚Äôt fucking wait for my medication to arrive and I can start treatment, because I hate living like this...",u/anothrrthrowawayy,1,"I‚Äôm late to responding, but just wanted to say thank you. You‚Äôre absolutely right. Thanks so much. Take care of yourself, kind person!",emtxp1,https://www.reddit.com/r/depression/comments/emtxp1/i_was_doing_so_well/
u/anouar_Id,14,"Acne KILLED my self esteem. I have only spoken about this to close friends, but hopefully by sharing my story others can relate.

Puberty was not kind to me. From middle school, throughout high school, and even onto college, I have had incredibly intense acne. Whatever acne treatment or medication is out there, I have probably done it.

I have gone to many dermatologists and each have prescribed me an arsenal of topical treatments, birth control, antibiotics, and Acutane. (By the way, Acutane, is an pretty intense drug where you need to be monitored and schedule monthly blood tests. If you are impregnated while on the medication, the child will have birth defects.) For a while, my face was covered with painful acne nodules where it looked like bubbles were forming under my skin. In middle school, the reason I cut bangs was to cover my forehead acne, which of course, made it all worse. Also, at some points, my acne got so bad that my face just looked entirely red. Trying to cover it with makeup just made me break out even more.",u/anouar_Id,1,Thank you !! Is serum good for acne ? | Thank you so much | Of course you will give me a big favor,id1i8r,https://www.reddit.com/r/depression/comments/id1i8r/acne_killed_my_self_esteem/
u/anouschk,3,Bad day. Ive been doing so well the past 2 months but the last 2 weeks especially tosay have been really rough. Anyone else feel like the bad days impact is so much bigger then 2 months of feeling ok? I hate how hard it can bring me down and how hard it is to get back up afterwards. Having especially negative thoughts again and been thinking about how peaceful dead sounds. That feeling never really went away it just hasent popped up im my head as frequently untill last week.. Hope all of you are doing ok! i just needed to vent a little.,u/anouschk,2,Ill be okay! been working hard wont let that all go to shit again. Thankyou for commenting that helped. Have a good day too!,ik18qv,https://www.reddit.com/r/depression/comments/ik18qv/bad_day/
u/ansot,2,"I got sick of people asking for advice At first glance, I am very calm and patient. Perhaps this is the reason that a large number of people seek to open their souls to me. And the most frustrating thing is that they ask for advice. They ask about how to love life again, how to find your calling, and so on. But the problem is I don't know. I wake up every morning with the thought of suicide. I'm tired of life. I just want to end all this suffering. I feel lonely. It seems that I have friends, but I quickly get tired of communicating with them. I just can't find people who would understand me. Love is an empty phrase for me, I have never experienced it.

Maybe someone has some advice for me?",u/ansot,1,"thanks dude. I myself cannot understand why I keep going forward. I am thinking about going to a psychologist, but in my wilderness it is very difficult to find a good specialist. most will just tell you to go to church lol. Because of my condition, I also started smoking and drinking alcohol ... | As people in my country say, if you drink in a company, then that's okay, but if you drink alone, then you're an alcoholic. Unfortunately, I belong to the second group of people ...",jmkw6r,https://www.reddit.com/r/depression/comments/jmkw6r/i_got_sick_of_people_asking_for_advice/
u/answersfromeyes,8,"Anger and sadness Writing this with my regular acc but don't really care who reads this anymore it's not like it matters anyway and I'll probably just delete this tomorrow. Just here to vent btw so don't need any criticism. 

I'm angry. I've been living the past couple years of my life with a lot of shit and it's fucked me up mentally and with me socially. I blame myself but I'm also so fucking angry with this one bitch who used to be my best friend but then treated me like I was the most disgusting piece of trash she'd ever seen. It's fucked everything up for me. I probably had a predisposition for mental illness but damn she 100% triggered that. I wish I'd never met her. I wish I could tell her how much she fucked me up, how much I hate her.

Don't really know where I'm going with this and that person has probably changed since then so no need for me to be so aggressive but I could use some soothing words I guess. Don't know. I'm kind of all over the place right now trying to calm myself down by writing this out",u/answersfromeyes,2,"I've been wanting to confront her for a while but have always been scared that it wouldn't be a reasonable thing for me to do. 

&gt;It‚Äôs perfectly reasonable to want to vent. It‚Äôs also reasonable to let someone know how you‚Äôve been affected. It doesn‚Äôt mean you‚Äôll get a nice response or apology, but you know that you‚Äôll have spoken your piece and can begin to let the anger subside.

This made me rethink. I think you're right. Closure is more important to me than an apology. At least I hope it'd give me some closure. It's a scary thing to do though.

Thank you for your advice and your kind words | Thank you for helping me. 

At this point I know what this person did to me has made a lasting scar. It's made me into who I am now and although I try very hard to maintain my romantic relationship I feel like I'm failing sometimes. I mostly get intrusive, irrational thoughts about whatever and they absolutely hold me back in trusting my partner and being happy in the relationship. It makes me really sad.

I'm working on some creative and learning projects and they do make me feel better about myself though. But the distraction I get from them never fully lasts.

Sorry if this is too much information btw, thank you for even reading and replying to my initial post",hgk1iu,https://www.reddit.com/r/depression/comments/hgk1iu/anger_and_sadness/
u/antbrony,3,"self-mutilation I need advice for my self-mutilation Whenever I feel sad, I hit my head against the wall and now I'm thinking of cutting myself with a knife",u/antbrony,1,thanks for the advice i will try,jzpude,https://www.reddit.com/r/depression/comments/jzpude/selfmutilation/
u/anthony_gd,0,"Help. I need help, I think my girlfriend is sleeping with her ex, I might do something ill regret and I dont know what the fuck to do.",u/anthony_gd,1,"Yeah she makes me the happiest I've been in months, but I wanna lose her, but I also don't wanna be hurt constantly",jzy5v8,https://www.reddit.com/r/depression/comments/jzy5v8/help/
u/anti_norm,2,Clinical depression strategies I'm 22M and struggle with clinical depression. Some days are easier than others to fend off the negative thoughts I get when I feel down on my self and some days I just feel this way for no reason. Today was going well until I went into work and all of the sudden my chest started to feel heavy and I started to think negatively about myself. I had been doing alright for a week. I was challenging myself to be more outgoing to conquer my social anxiety and attempting to have a genuine smile on my face more often to have pleasant conversations with strangers which is an improvement. I've been reminding myself that I deserve to be happy and that I shouldnt get down on myself because I tend to over think things. I'm not certain if my anxiety is also at play here but I'm definitely feeling something depressing. Does anybody feel the same? if so what kind of strategies or coping mechanisms do you use to avoid this feeling?,u/anti_norm,1,"I'm sorry that you have to go through that. But when it comes to thinking about death, I try and focus on living in the moment and making my current situation as enjoyable as possible. Think of something that you could do that would make you feel alive or something you can do for someone else that would make them feel good. I try self therapy like reading a good book, watching my favorite anime or show and try to drown out the the negativity with distractions. If that doesn't help I also try to meditate for 5-10 minutes just sitting criss crossed, hands on my knees or lap, sitting up straight and closing my eyes in complete silence until I've hit the 5 minute mark. I usually feel a little bit better afterwards and if not I keep meditating. I hope this somewhat helps. | It's okay, if I can be of assistance that makes me feel good anyway. I just did the meditation thing right now and i do feel a little better. Hopefully the rest if my shift doesn't ruin that üòÖ by the way when you try it, focus on your breathing and relax yourself especially your eyes, and set a timer so you're not just sitting there. have a good night Noop!",en26fn,https://www.reddit.com/r/depression/comments/en26fn/clinical_depression_strategies/
u/antia2,2,"Not going to get better then this? Not sure where to start 35 years old male from Scandinavia.(note a lot of rambling)

My life has basically turned to this.  
Sleep, work, workout, go home, watch YouTube and repeat.  
On weekends sometimes I meet some of my old friends that I don't really feel connected with any more. Some work okay, some take a lot of space and due to old habits they dominate the space and just talk about what they want to talk about.  
The result being that I'm usually not talking much and not really enjoying the company either(this is like old childhood friends).  
When we meet or talk online the focus of the talk is always about what we are doing right now, like playing online games or whatever we do right then. We rarely talk just for the sake of talking.

I have always got along better with women then men and have had a few really good friends but as time goes by most of them have gotten into relationships, house, children etc and I just meet them occasionally and not in the same way as it was before.(Even though I don't know if the relationship was better before) I'm not being excluded or anything it just feels like I have nothing to talk about or if I talk about something I don't get any response.

One or many of my (female) friends have had their own problems with depression and even suicide attempts and I guess that I have felt good having focused on their problems and their well being and neglecting my own.  
And I think that this is a key aspect to how I feel about life, I try to ignore my own needs and find someone to focus on instead. 

On work I mostly function like a human being, talking with my colleagues, even being active in the Union and doing things way above my pay grade, talking with HR and the CEO about things.  
But this is mostly a mask, a facade that I play and if I am forced to keep the social skills up for too long they will crack and I will turn back into my usual self. This is mostly noticeable during after works or out of work activities. 

I've sometimes tried to open up to some new ppl but have experienced an uninterest or rejection and quickly turned the conversations into about them instead. My old close friends that now live happy with children, house etc. was the ones that I could really talk with but now I feel like i don't want to bother them with problems when they have finally got some order into their lives.  
So basically I have no one that I feel comfortable to talk with anymore and everyone I know have been reduced to  superficial relationships. And it have been like this for maybe 10+ years now, now I've always been shy but not to the point where I can go days without talking with another human(when not working) .

I also have no real relationship with my family and rarely meet them as well, it is not like we have a bad relationship it just basically non existent.

&amp;#x200B;

&amp;#x200B;

When it comes to me to be honest I have little to none self aware of my feeling and have a really hard time to recognize what I'm feeling, I am a logical person and understand the basic ideas and can understand when ppl feel a certain way but just by ""playing the game"" doing what is expected of me.

I'm not sad, I don't have panic or anxiety or anything. I'm rarely happy, I can laugh at things but mostly I feel that I just am in a void.   
I've talked to a therapist a few times and I think it was really hard for me and him. His approach is to ask questions and try to get me to open up about what I feel about things, but my answer to ""how do you feel"" is usually ""I don't know"" and can only answer in the most basic feeling terms ""ok"", ""bad"", ""good"" etc.  
The conclusion that we got after about 10 session was that I had problem to connect with people and maybe a mild depression.  
I was not really fitting into any of the boxes I got the 10 sessions and didn't really feel like it was going anywhere so I ended it, also because it was payed by the health care and I thought that the time and money was better placed on someone that have ""real problems"".  
I also used anti depressants for about 1-2 years but didn't feel any different and when they ran out I just quit.

&amp;#x200B;

So who am I?  
Well I have a good education and a well paying job in IT, I also run my own (1 person) company and have a successful app that provides me with passive income on the side. So my finance is more then okay.   
I have no real interest in things, brands, cars, clothes etc. so I stockpile the money and spend most on food.  
I'm mostly on the nerdy side with using the computer a lot, used to play a lot of games, watching movies, Netflix etc.  
Then I also really love to travel and have been traveling many times, usually month long trips and many times alone since I have no one to travel with. When I travel I usually go backpacking, using hostels, couchsurfing etc. I like to go to warm countries where I can dive and explore nature. I have been to ""exotic"" places like Amazonas, Chernobyl and Fukushima (japan).   
I'm not comfortable at clubs so i usually avoid the party life when I travel but I do enjoy drinking and pubs etc. I guess that the good thing with travelling alone is that I'm able to keep up my social skills for just long enough to talk with ppl for the day before I move on.

When it comes to drinking I'm not really sure if it is a problem or not but I have built up quite a tolerance and I can and often easily drink a bottle of wine by myself on the weekends in like 30min, I drink often when alone but I don't get to drunk, in social drinking I guess that I spend more time on drinking then other things, easier to drink and let other ppl talk. Even drinking don't really open me up much.

Romantic relationships?  
Well I've had a few but I guess that due to the above problems not many of them lasted very long since I'm unable to create the emotional bond needed and even if I sometimes got that from the girl I had a hard time reciprocating and they often ended with me feeling like I've wasted their time. I think the longest relationship I've had lasted 1 year and have had many shorter dating relationships(1 month ish).  
But same I feel like a time waster and I don't even like myself so I have a hard time understanding why they are interested and push them away when it seems to get serious.  
Lately my dating life has gotten worse and I've been rejected even more times than I can count and it is wearing me out. Lack of physical contact is also starting to hurt, almost to the point where I almost hired a prostitute just to snuggle (I didn't hire one, but I thought about it). Haven't gotten a real hug in a year, might also have to do with corona so I guess that is nothing special.  


Well thanks for reading all my rambling, to be honest I don't know what I want, if I didn't exist it wouldn't matter, I'm not suicidal or hurt my self or anything I just am. The only thing I know is that I wish I was more normal, not being quite and not talking with anyone during the weekends.",u/antia2,2,"I have no idea, usually my year revolves around travelling going somewhere, but that might just be a escape and it is impossible this year :s | Nah I don't want to bother her when she finally got her life into order.

Hobby I have some it related projects that I'm working on by myself, but even if it is going well it doesn't really motivate me anymore | Thanks, I've tried a few times but didn't feel that I got the interest back so I don't know. 

The darkness might do it but it is not seasonal, actually like the darkness since it is easier to hide :P. 

I did go and buy some vitamins D now, it will at least not make it worse.

I guess I can search and see if I find some other therapist, I really feel uncomfortable talking about myself but that is probably the only way forward in the end.",jpgipg,https://www.reddit.com/r/depression/comments/jpgipg/not_going_to_get_better_then_this/
u/antiexistential,3,"Depression and Relationships Hi, people of Reddit. I‚Äôm new to posting, and I wanted to vent but also gather some perspectives. Here‚Äôs my story (apologies for the long post):

Regarding my background, I have been struggling with depression for my entire adolescence. It‚Äôs something I just became used to, as it was (and still is) a part of my everyday life. My friends were always pretty understanding of it, which I am thankful for. However, no matter how understanding friends are, I find that they never truly can empathize. When I‚Äôm at my lowest, the sadness makes my body physically ache and I can‚Äôt move. It feels like drowning. And for someone who doesn‚Äôt have depression, that feeling is pretty hard to imagine. After all, depression is an ‚Äúinvisible‚Äù illness. 

So this is where my predicament begins: in high school I met my boyfriend, whom I dated for about two years. From the very beginning, I made my illness clear and known. We come from very different backgrounds (I have a really hard family life, not including the depression, and his family life is generally good) and I tried so hard to not let my illness affect our relationship. And it was fine, for the most part. We were basically attached at the hip, and he will always hold a place in my heart.  However, he recently broke up with me around the time my depression took a severe turn for the worst. It was probably the worst my depression had been in several months. We just started college this year, so I wasn‚Äôt expecting our relationship to last forever; people grow apart, it‚Äôs natural. However, I was left absolutely dumbfounded as he broke up with me in a horrible way while I was already in the middle of a horrible depressive episode. Prior to the breakup, he was distant from me for weeks, and I tried several times to have a sincere conversation about it, but it never worked (he always has had a hard time expressing his feelings, another nail in the coffin). Then, I finally got him to admit what he felt. He said that he built up resentment towards me, and I‚Äôll admit, I definitely wasn‚Äôt the most pleasant person to be around. But to bottle it all up for weeks until I had to make him admit his true feelings was devastating.  He even said that I was an annoyance, and that he felt as though I was bringing him down. He said he felt ‚Äútethered.‚Äù These words absolutely shattered my heart. It‚Äôs not the breakup itself that hurt me, as I stated before, but it‚Äôs the way he made me feel about my depression. As everyone on this sub knows, with depression, you always feel like a burden, like a waste of space. You feel as if you‚Äôre constantly bringing everyone around you down. It sucks. So, not only were my sad, anxiety-ridden thoughts of self loathing horribly confirmed, but the person I was closest to treated me like I was a horrible, different person while I was in an already terrible state of mind. This definitely sent me for a whirlwind. I felt as though I was making progress, but this incident pushed me what feels like a million steps backwards. It was just so humiliating; it basically sent me into a manic state, and I am so embarrassed at some of the things I remember saying. To make matters worse, I still don‚Äôt think he truly understands how much this situation affected me. I tried to have a just friends relationship with him, but I feel like I don‚Äôt even know him anymore. And the worst part is that this whole situation shattered MY psyche, not his. He is living his life as if nothing happened, but I was left to pick up the pieces of my already broken life.

Thankfully, though, these past few weeks I have been making a lot of progress. I realized I can stand on my own two feet, and that I need to surround myself with people who actually empathize and understand what I‚Äôm going through, not people who want to ignore it until resentment builds up.

So, people of this sub, I was wondering if anyone has a similar experience to mine, and how it has affected your relationships with others. And also I just wanted to say that everyone on this sub is so strong and we will all conquer our afflictions together. Thank you if you actually read all this too.",u/antiexistential,1,"Thank you so much for your kind and inspiring words. It‚Äôs hard to not get down in the dumps, but your comment helped to remind me that I‚Äôm not alone. I agree with everything you said, my only regret is not realizing it sooner. He spared his feelings, without even thinking about mine. 

I hope that everything in your life is going well too. And thank you so much for taking time out of your day to respond to my venting lol. Be strong, my fellow depression warrior &lt;3 | Thank you so much for your kind response. It is extremely comforting to know that I‚Äôm not alone with my hard experiences. I‚Äôm sorry for the experiences with your previous partners, but I am so glad that you have found someone that understands you and your illness. It‚Äôs hard to think of the future positively, but you gave me some hope. I wish you all the best as well. Be strong. &lt;3",esppoj,https://www.reddit.com/r/depression/comments/esppoj/depression_and_relationships/
u/antimatter79,4,"My life is miserable The moment I wake up I quickly become sad because now I'll have to go to school  and stay there for 7 hours, I seriously hate it and after all this I come back home finally to rela..NO, now I'll have to sit 3 hrs to complete the homework. My tutor is abosultue piece of shit. He physically abuses me each day and gives tons of homework. I get humiliated each day, even on day off I can't relax because of him. This has been like for 4 months, I've lost my many interests, my mind is really unstable also my exams are in 15 days. It sucks",u/antimatter79,1,"I wish I could I'm just 14 my parents endorse this behavior | I'm from 8th grade so basically he tutoring me every subject they do in school, but I can't get rid of him until my parents agree my life isn't in my control;( | Thanks I hope it will work :)",fjjbj3,https://www.reddit.com/r/depression/comments/fjjbj3/my_life_is_miserable/
u/antismiles,4,"What did I do to deserve this Everyday is the same as the last. I haven't seen a clear future for myself in years. I pushed away every guy that ever loved me. All my friends are finding love now and I'm here alone. I take everything too personally but I don't let it show. I can't go to sleep without wondering if I should just end it. But I always get stuck on how. How would I end it? I wrote my suicide notes not too long ago. Do I print them out? Do I just leave them on my phone for anyone to find? I've read posts like this for a long time wondering if I'll have to write one, and here I am. Crying for help. I can't do this alone anymore. I've tried everything. Even the bad coping mechanisms don't make the pain go away. The last time I smoked weed I ended up laying on my living room floor and crying. Cigarettes make me feel sad immediately after I smoke them. Self harm only works when I'm mad at myself or when I'm numb. Drinking has never been one of my interests so I don't even bother. What about the good? Music is bland. Writing doesn't do shit. Exercise just reminds me of how fat and pathetic I am. Watching youtube all day is aggravating. Crying it out is painful. Staying numb is the worst. But what can I do? I keep testing all of these methods. I'm just wasting my time. Waiting for a huge fuck up so I have the opportunity to end it all. I miss the feeling of actually being in love. But what's the point of loving someone else when I can barely give myself any love? So I'm done. I can't do this anymore. I'm gonna have to, but I just don't know how I'm gonna do it.",u/antismiles,1,"Thank you ‚ù§Ô∏è | I don't know what I'm doing. The thought of having a job that I have to do every day is hard. I don't know what I'm going to do after school. I can barely make myself finish my assignments and I have a hard time getting some concepts. And then there's my social status. I might have a few friends but I'm so shy and I don't personally believe I'm attractive enough to find a partner. My personality is okay but I just can't find people who actually want to know me. What do adults even do for fun? Go clubbing? I'm scared I'm going to be that person who goes to work and comes home to nothing. That person who spends their nights getting high alone and goes back to work he next day. The person with no friends or love interest. I'm scared I'm going to be living a lonely life full of nothing but boredom. Sorry if that was long | Thank you for the advice, I will try to be more social when all of this ends and I'll keep fighting | I usually join my schools swim team and that really seems to help. I'll definitely be joining it again when this pandemic ends :) | Yeah, I hope luck finds you too.. I'm glad you replied to my comment :) | Yeah I suppose I still have time.",fzs0t6,https://www.reddit.com/r/depression/comments/fzs0t6/what_did_i_do_to_deserve_this/
u/antoine_montt,1,"Passion Have you ever stop and see all the people living their life with all the things they love and think about ""what do I love?"" Well I'm making that question very often, and wondering if someday I'll have the same passion. Or devotion for something or someone but it seems that this will never happen. I used to love heavy metal music I went to a lot of concerts but I dont feel the same now , I always like heavy music but its just not the same feeling that I use to feel

Yesterday I was watching a movie (mad max) do you remember the middle life guys ? The war boys, it would be amazing to feel that devotion for something , it's just amazing , I think I'm at the point of my life that if I try something new im a posser Soo I'm stuck in this feeling

Not doing anything
Not loving anything
Not making nothing
Stuck
 And that sucks actually

I'm 27 feeling this since I was 15 a long time I guess...",u/antoine_montt,1,"Thanks , and want to ask u how do you deal with this feeling? Because all I do is work and that's it I feel like a number not like a person anymore",g0dmin,https://www.reddit.com/r/depression/comments/g0dmin/passion/
u/antokb,3,"I am done for Yep as the title says I truly fucked it up this time, you see at the begining of the year I tried my best to keep up with school, but I failed miserably, a lot works got overdued and after a call from the school and some bad grades my parents went insane, now the situation it's extremely colse to repeating itself and I have no idea what to do. My therapist stopped calling me and does not answer my messages, my proffesors are not willing to give me a third chance, my phone is filled with texts from school groups and new homework and I have the self control of a racing car with two wheels and no breaks.
What do I do? Is there anything I can do to focus more?
Thanks in advance",u/antokb,1,"Will try, thanks!!",jbl932,https://www.reddit.com/r/depression/comments/jbl932/i_am_done_for/
u/anumzzz1,6,"HELP. The past won't let me sleep at night
It haunts me
I just cry and cry and cry.
I don't know what to do.
The emptiness is just increasing day by day.
Any thing that can help me??",u/anumzzz1,3,I just can't get the memories out of my mind and it's hurting alot,hj2ha4,https://www.reddit.com/r/depression/comments/hj2ha4/help/
u/anuspounder6000,3,"Seeking advice to help my boyfriend. How can I be more supportive? My boyfriend has a long history with depression. Recently, because of COVID-19 he lost his job, moved back home with his family, applied for online jobs to no avail, and feels completely lost. Before this all started he was taking medication but I believe he ran out and can‚Äôt see his therapist. He believes he doesn‚Äôt have a future and that idea is perpetuated by his parents. 

They constantly tell him he is not good enough because he is living at home playing video games during this pandemic. He helps out a lot around the house and basically raises his two younger sisters on his own and he does much more than I‚Äôm writing here but his parents still give him a lot of shit. Between the situation with his job and the uncertainty of everything happening in the world, he has felt extra down and his depressive episodes have been really bad. He told me he had suicidal thoughts but knew he wasn‚Äôt going to act on them, but I still worry he might. I don‚Äôt know what I would do without him. 

I admit I was being selfish before tonight and was more worried about myself and his perception of me rather than focusing on him and helping him improve his mental health and that lead to a lot of miscommunication and brokenness tonight. 

My boyfriend is my best friend and he means the world to me and I have told him multiple times that I‚Äôm here for him and here to listen. I know I can‚Äôt ‚Äúfix‚Äù him (not that having depression means he needs to be fixed) but I just want to know if there is anything else I can do to support him or make him feel any better. It‚Äôs hard with the situation in the world to give him hope because he feels his future is so bleak.  I just want to be there for him in any way that I can but I don‚Äôt think he is understanding that right now and is rejecting any form of help and I don‚Äôt think he reads my texts fully

I love this man with all of my heart and I don‚Äôt want him to feel this way any more. Any advice helps and thank you so much if you read all of this. I want to be there for him. To be better for him. He loves reddit so I was hoping this community would know what to do",u/anuspounder6000,1,"Thank you I appreciate that. I know I wasn‚Äôt doing my best before tonight but I‚Äôm going to be there more for him and be better. I reminded him I‚Äôm here for him and that I always will be so you‚Äôre right I know I‚Äôm doing the best I can. I appreciate the advice and to know that we can reach out. I‚Äôm sorry you feel that way sometimes too, I can see how draining it can be for a person | I hope he does too. He deserves happiness and so do you. Thank you for replying. It means a lot | One more thing actually. Idk if you can relate to this but his parents don‚Äôt believe in mental illnesses. They don‚Äôt understand he has depression or why he acts the way he does and that makes it worse. He has tried explaining it to them but they just don‚Äôt believe in it. What would you do? It‚Äôs okay if you don‚Äôt have an answer or anything I just felt bad double posting with this topic | Also I hope you know that I am here for you too. It takes a lot of energy to reach out and comment on someone‚Äôs post while you are struggling yourself so that means a lot to me that you are trying to help me and my bf. I know you said you can‚Äôt complain about your life but it‚Äôs okay to complain. Yeah people may have it worse but you still aren‚Äôt doing well and that‚Äôs something to complain about if you want to. You don‚Äôt need to be positive and helping everyone all the time. It‚Äôs important to look after yourself too so know I‚Äôm always here as well",g3j7uv,https://www.reddit.com/r/depression/comments/g3j7uv/seeking_advice_to_help_my_boyfriend_how_can_i_be/
u/anustart40,4,"I'm slowly entering a depression, how can I stop it before it worsens? I feel it coming. Every day it's easier to just look at the ceiling doing nothing. I feel sad around other people. I start making dumb mistakes for not paying attention when I thought I was. I have spent days without showering... I think I still have some control over my sadness, how can I avoid getting to the point of no control? Thanks.",u/anustart40,2,"Thanks man/woman . I was very good before covid on social relationships. Now due to quarantine all of my friends are away and my 2 year GF broke up with me. 

I don't know how good I'll be with friendships at my current mental state, I know that I have been pushing apart recently the handful of friends that still message me. 

Also have been practically hiding from my family all day long cause i feel ashamed of them seeing me like this. 

Thank you so much for your advice, I'll start interacting more with those around me",hs9ydr,https://www.reddit.com/r/depression/comments/hs9ydr/im_slowly_entering_a_depression_how_can_i_stop_it/
u/anxiety20200,3,"No appetite So I‚Äôve noticed that my depression has been pretty severe these past few months. It‚Äôs even a struggle to even feed myself. Like I‚Äôm hungry I know I should eat, but I feel so tired and numb and like a weight is weighing me down. So I feel like it‚Äôs a chore to feed myself. I hate this because I lose weight so easily and I need to eat but it‚Äôs so hard for me. Is this a symptom of anxiety? Is this relatable to anyone? Please if you have any advice to give I would greatly appreciate it. Thank you.",u/anxiety20200,1,Well it‚Äôs comforting to know I‚Äôm not alone... | It‚Äôs so sad I hate it :( | Thank you!,fbppcq,https://www.reddit.com/r/depression/comments/fbppcq/no_appetite/
u/anxietyisabitch3407,1,"Depression and feeling out of love in relationship? Does anyone else deal with feeling like their depression makes them so numb to their relationship that they don‚Äôt feel love for their partner. I‚Äôve (21F) been with my bf for 2.5 years (22M) and when i get really low, i often start feeling anxiety related to the relationship. I lose all feeling and start to question whether this is right for me. In my right mind, I know it is and I love him deeply. He treats me so well and he has all the qualities I look for. We get along great but when I get like this I forget all of that. I get more irritable. I start questioning whether maybe i‚Äôm too young to commit or if it‚Äôs just something wrong with us being together. I start feeling trapped but i‚Äôm so unhappy with everything in life that i know it doesn‚Äôt directly relate to us being together. 

I just wanted to know if anyone else ever deals with this. My therapist helps me talk through and see the flaws in my way of thinking but sometimes things just get so dark, I feel like I‚Äôll never feel for him again.",u/anxietyisabitch3407,1,"That is a very good point about love ebbing and flowing. I just relate it to my depression because I feel numb to everything in life, so this includes him as well. And since he is my refuge at times, not feeling that comfort from being with him is alarming. And I guess that could also be seen as unhealthy because during this whole quarantine, he has been the only thing i‚Äôve been able to look forward to. 

May I ask what kind of regretful decisions you made? Were they related to your relationship? | No, thank you for sharing! It‚Äôs nice to know that I‚Äôm not alone. It‚Äôs a little scarier for me at times because currently I am around my boyfriend so to not feel what I normally do scares me a lot. It starts the cycle of rumination but like you said I feel numb and sad about everything so I try not to relate it directly to him. | My boyfriend is extremely patient with me as well and we get to actually be together! But thank you for putting that into perspective and making me remember to be thankful to have someone so gentle with me.",ganuis,https://www.reddit.com/r/depression/comments/ganuis/depression_and_feeling_out_of_love_in_relationship/
u/anxietystuff,154,"Job searching is awful. I had a meltdown at my retail job in 2014. To put it simply, things went very badly. Now I've got a gigantic resume gap, no real interests or passion, and I'm basically unemployable. 

I spent maybe half an hour looking at jobs today and I'm remembering why I stopped doing that. I'm not qualified for anything other than minimum wage, soul destroying work that almost killed me last time. 

I'm probably just going to sponge off others until I die. It feels shitty.",u/anxietystuff,6,"Minimum wage pay is not the issue but rather what these jobs tend to be doing - mind-numbing, constantly getting yelled at by random people. When I was a cashier I was having panic attacks all the time. I've gotten mental health help since then but I'm still terrified of going back to that life. | Honestly this sounds exactly like my situation. It's pretty terrible. I wish I had something more encouraging to say.",j1fmwl,https://www.reddit.com/r/depression/comments/j1fmwl/job_searching_is_awful/
u/anxiousIesbian,130,"School makes me want to kill myself I genuinely cannot stand going to this shithole for much longer. Breaks from school seem like a second but even one class seems like eternity. I have had a 2 week long break and have to go back tomorrow and I am completely dreading it. I hate basically all of my teachers, I have barely any friends as 99% of the people in my school are fake privileged rich people, and I can no longer bring myself to do the work. I have to be up in 4 hours but all I can do is pace around my room because I am so anxious to go back. My grades have continued to drop because I am just too depressed to care about them anymore. All I want to do anymore is sit in my room and watch YouTube or sleep. But I would really rather do anything than go to school where I feel like a prisoner. I don't know how I will get through 3 more semesters of this garbage, and then go through at least 4 years of college, and THEN work until I die. This is just such a sad life it is no wonder I am depressed. I constantly have suicidal thoughts because it is no longer worth it for me to live a life wasted, I can barely find any joy living like this.",u/anxiousIesbian,15,"My mom would never allow that but I wish lol | I'll try. Hobbies definitely help but usually I am too tired or have too much homework and chores to do when I get home | I'm so sorry you're struggling with this too, it really does suck :(",ekrb8y,https://www.reddit.com/r/depression/comments/ekrb8y/school_makes_me_want_to_kill_myself/
